{
  "mag_mean": 642.5609741210938,
  "mag_std": 1520.560791015625,
  "phase_mean": 0.02326780930161476,
  "phase_std": 1.821391224861145,
  "phase_diff_mean": -0.003101202892139554,
  "phase_diff_std": 0.29573753476142883,
  "n_pixels": 64800000,
  "mag_std_mean": 40.507598876953125,
  "mag_std_std": 69.73672485351562
}