{
  "mag_mean": 643.3547597532711,
  "mag_std": 1520.6515021544083,
  "phase_mean": 0.023175108849427084,
  "phase_std": 1.8223385259094393,
  "n_pixels": 109728000
}